Workbook

Sheet Parametros
A1: PARÂMETROS DE TRIAGEM — ajuste e assine (convenção do curso)
A3: Parâmetro | B3: Valor | C3: Observação / fonte
A4: Limite camada RASA (m) | B4: 3 | C4: Camada resistente até esta profundidade favorece fundação rasa. [VALIDAR E1]
A5: Limite camada PROFUNDA (m) | B5: 8 | C5: Camada resistente a partir desta profundidade favorece fundação profunda. [VALIDAR E2]
A6: NA alto se profundidade < (m) | B6: 2 | C6: Nível d'água mais raso que isto liga o alerta de água. [VALIDAR]
A8: Referência N-SPT (mecânica dos solos) — apresentar como referência, confirmar faixas [VALIDAR E5]
A9: Solo | B9: N-SPT (ref.) | C9: Consistência/compacidade
A10: Argila (coesivo) | B10: ≤ 2 / 3-5 / 6-10 / >10 | C10: mole / média / rija / dura*
A11: Areia (granular) | B11: ≤ 4 / 5-8 / 9-18 / >18 | C11: fofa / pouco compacta / medianam. / compacta*
A13: * faixas ilustrativas — confirmar com a bibliografia adotada. Não substituem o projeto geotécnico.

Sheet Seletor
A1: SELETOR DE FUNDAÇÃO — triagem por caso (decisão final: projetista de fundações, NBR 6122:2019)
A2: Nº | B2: Apoio / Setor | C2: Prof. camada resistente (m) | D2: Prof. do NA (m) | E2: Carga | F2: Vizinhança sensível? | G2: Acesso restrito? | H2: Família (triagem) | I2: Tipos candidatos | J2: Alerta
H3: =IF(OR(C3="",E3=""),"",IF(AND(C3<=Parametros!$B$4,E3<>"alta"),"RASA",IF(OR(C3>=Parametros!$B$5,E3="alta"),"PROFUNDA","ZONA CINZENTA"))) | I3: =IF(H3="","",IF(H3="RASA","Sapata (isolada/corrida/associada) ou radier",IF(H3="PROFUNDA",IF(F3="Sim","Estaca helice continua/escavada (sem trepidacao)","Estaca (pre-moldada/helice) ou tubulao*")&IF(G3="Sim","; acesso restrito: raiz/Strauss",""),"Levar ao projetista (decisao final)"))) | J3: =IF(H3="","",TRIM(IF(D3<>"",IF(D3<Parametros!$B$6,"NA alto: cautela tubulao a ceu aberto. ",""),"")&IF(H3="PROFUNDA",IF(F3="Sim","Vizinhanca sensivel: evitar cravacao. ",""),"")&IF(H3="ZONA CINZENTA","Decisao do projetista; desempate pelo custo da falha. ","")&IF(E3="alta","Carga alta: dimensionamento pelo projetista. ","")))
H4: =IF(OR(C4="",E4=""),"",IF(AND(C4<=Parametros!$B$4,E4<>"alta"),"RASA",IF(OR(C4>=Parametros!$B$5,E4="alta"),"PROFUNDA","ZONA CINZENTA"))) | I4: =IF(H4="","",IF(H4="RASA","Sapata (isolada/corrida/associada) ou radier",IF(H4="PROFUNDA",IF(F4="Sim","Estaca helice continua/escavada (sem trepidacao)","Estaca (pre-moldada/helice) ou tubulao*")&IF(G4="Sim","; acesso restrito: raiz/Strauss",""),"Levar ao projetista (decisao final)"))) | J4: =IF(H4="","",TRIM(IF(D4<>"",IF(D4<Parametros!$B$6,"NA alto: cautela tubulao a ceu aberto. ",""),"")&IF(H4="PROFUNDA",IF(F4="Sim","Vizinhanca sensivel: evitar cravacao. ",""),"")&IF(H4="ZONA CINZENTA","Decisao do projetista; desempate pelo custo da falha. ","")&IF(E4="alta","Carga alta: dimensionamento pelo projetista. ","")))
H5: =IF(OR(C5="",E5=""),"",IF(AND(C5<=Parametros!$B$4,E5<>"alta"),"RASA",IF(OR(C5>=Parametros!$B$5,E5="alta"),"PROFUNDA","ZONA CINZENTA"))) | I5: =IF(H5="","",IF(H5="RASA","Sapata (isolada/corrida/associada) ou radier",IF(H5="PROFUNDA",IF(F5="Sim","Estaca helice continua/escavada (sem trepidacao)","Estaca (pre-moldada/helice) ou tubulao*")&IF(G5="Sim","; acesso restrito: raiz/Strauss",""),"Levar ao projetista (decisao final)"))) | J5: =IF(H5="","",TRIM(IF(D5<>"",IF(D5<Parametros!$B$6,"NA alto: cautela tubulao a ceu aberto. ",""),"")&IF(H5="PROFUNDA",IF(F5="Sim","Vizinhanca sensivel: evitar cravacao. ",""),"")&IF(H5="ZONA CINZENTA","Decisao do projetista; desempate pelo custo da falha. ","")&IF(E5="alta","Carga alta: dimensionamento pelo projetista. ","")))
H6: =IF(OR(C6="",E6=""),"",IF(AND(C6<=Parametros!$B$4,E6<>"alta"),"RASA",IF(OR(C6>=Parametros!$B$5,E6="alta"),"PROFUNDA","ZONA CINZENTA"))) | I6: =IF(H6="","",IF(H6="RASA","Sapata (isolada/corrida/associada) ou radier",IF(H6="PROFUNDA",IF(F6="Sim","Estaca helice continua/escavada (sem trepidacao)","Estaca (pre-moldada/helice) ou tubulao*")&IF(G6="Sim","; acesso restrito: raiz/Strauss",""),"Levar ao projetista (decisao final)"))) | J6: =IF(H6="","",TRIM(IF(D6<>"",IF(D6<Parametros!$B$6,"NA alto: cautela tubulao a ceu aberto. ",""),"")&IF(H6="PROFUNDA",IF(F6="Sim","Vizinhanca sensivel: evitar cravacao. ",""),"")&IF(H6="ZONA CINZENTA","Decisao do projetista; desempate pelo custo da falha. ","")&IF(E6="alta","Carga alta: dimensionamento pelo projetista. ","")))
H7: =IF(OR(C7="",E7=""),"",IF(AND(C7<=Parametros!$B$4,E7<>"alta"),"RASA",IF(OR(C7>=Parametros!$B$5,E7="alta"),"PROFUNDA","ZONA CINZENTA"))) | I7: =IF(H7="","",IF(H7="RASA","Sapata (isolada/corrida/associada) ou radier",IF(H7="PROFUNDA",IF(F7="Sim","Estaca helice continua/escavada (sem trepidacao)","Estaca (pre-moldada/helice) ou tubulao*")&IF(G7="Sim","; acesso restrito: raiz/Strauss",""),"Levar ao projetista (decisao final)"))) | J7: =IF(H7="","",TRIM(IF(D7<>"",IF(D7<Parametros!$B$6,"NA alto: cautela tubulao a ceu aberto. ",""),"")&IF(H7="PROFUNDA",IF(F7="Sim","Vizinhanca sensivel: evitar cravacao. ",""),"")&IF(H7="ZONA CINZENTA","Decisao do projetista; desempate pelo custo da falha. ","")&IF(E7="alta","Carga alta: dimensionamento pelo projetista. ","")))
H8: =IF(OR(C8="",E8=""),"",IF(AND(C8<=Parametros!$B$4,E8<>"alta"),"RASA",IF(OR(C8>=Parametros!$B$5,E8="alta"),"PROFUNDA","ZONA CINZENTA"))) | I8: =IF(H8="","",IF(H8="RASA","Sapata (isolada/corrida/associada) ou radier",IF(H8="PROFUNDA",IF(F8="Sim","Estaca helice continua/escavada (sem trepidacao)","Estaca (pre-moldada/helice) ou tubulao*")&IF(G8="Sim","; acesso restrito: raiz/Strauss",""),"Levar ao projetista (decisao final)"))) | J8: =IF(H8="","",TRIM(IF(D8<>"",IF(D8<Parametros!$B$6,"NA alto: cautela tubulao a ceu aberto. ",""),"")&IF(H8="PROFUNDA",IF(F8="Sim","Vizinhanca sensivel: evitar cravacao. ",""),"")&IF(H8="ZONA CINZENTA","Decisao do projetista; desempate pelo custo da falha. ","")&IF(E8="alta","Carga alta: dimensionamento pelo projetista. ","")))
H9: =IF(OR(C9="",E9=""),"",IF(AND(C9<=Parametros!$B$4,E9<>"alta"),"RASA",IF(OR(C9>=Parametros!$B$5,E9="alta"),"PROFUNDA","ZONA CINZENTA"))) | I9: =IF(H9="","",IF(H9="RASA","Sapata (isolada/corrida/associada) ou radier",IF(H9="PROFUNDA",IF(F9="Sim","Estaca helice continua/escavada (sem trepidacao)","Estaca (pre-moldada/helice) ou tubulao*")&IF(G9="Sim","; acesso restrito: raiz/Strauss",""),"Levar ao projetista (decisao final)"))) | J9: =IF(H9="","",TRIM(IF(D9<>"",IF(D9<Parametros!$B$6,"NA alto: cautela tubulao a ceu aberto. ",""),"")&IF(H9="PROFUNDA",IF(F9="Sim","Vizinhanca sensivel: evitar cravacao. ",""),"")&IF(H9="ZONA CINZENTA","Decisao do projetista; desempate pelo custo da falha. ","")&IF(E9="alta","Carga alta: dimensionamento pelo projetista. ","")))
H10: =IF(OR(C10="",E10=""),"",IF(AND(C10<=Parametros!$B$4,E10<>"alta"),"RASA",IF(OR(C10>=Parametros!$B$5,E10="alta"),"PROFUNDA","ZONA CINZENTA"))) | I10: =IF(H10="","",IF(H10="RASA","Sapata (isolada/corrida/associada) ou radier",IF(H10="PROFUNDA",IF(F10="Sim","Estaca helice continua/escavada (sem trepidacao)","Estaca (pre-moldada/helice) ou tubulao*")&IF(G10="Sim","; acesso restrito: raiz/Strauss",""),"Levar ao projetista (decisao final)"))) | J10: =IF(H10="","",TRIM(IF(D10<>"",IF(D10<Parametros!$B$6,"NA alto: cautela tubulao a ceu aberto. ",""),"")&IF(H10="PROFUNDA",IF(F10="Sim","Vizinhanca sensivel: evitar cravacao. ",""),"")&IF(H10="ZONA CINZENTA","Decisao do projetista; desempate pelo custo da falha. ","")&IF(E10="alta","Carga alta: dimensionamento pelo projetista. ","")))
H11: =IF(OR(C11="",E11=""),"",IF(AND(C11<=Parametros!$B$4,E11<>"alta"),"RASA",IF(OR(C11>=Parametros!$B$5,E11="alta"),"PROFUNDA","ZONA CINZENTA"))) | I11: =IF(H11="","",IF(H11="RASA","Sapata (isolada/corrida/associada) ou radier",IF(H11="PROFUNDA",IF(F11="Sim","Estaca helice continua/escavada (sem trepidacao)","Estaca (pre-moldada/helice) ou tubulao*")&IF(G11="Sim","; acesso restrito: raiz/Strauss",""),"Levar ao projetista (decisao final)"))) | J11: =IF(H11="","",TRIM(IF(D11<>"",IF(D11<Parametros!$B$6,"NA alto: cautela tubulao a ceu aberto. ",""),"")&IF(H11="PROFUNDA",IF(F11="Sim","Vizinhanca sensivel: evitar cravacao. ",""),"")&IF(H11="ZONA CINZENTA","Decisao do projetista; desempate pelo custo da falha. ","")&IF(E11="alta","Carga alta: dimensionamento pelo projetista. ","")))
H12: =IF(OR(C12="",E12=""),"",IF(AND(C12<=Parametros!$B$4,E12<>"alta"),"RASA",IF(OR(C12>=Parametros!$B$5,E12="alta"),"PROFUNDA","ZONA CINZENTA"))) | I12: =IF(H12="","",IF(H12="RASA","Sapata (isolada/corrida/associada) ou radier",IF(H12="PROFUNDA",IF(F12="Sim","Estaca helice continua/escavada (sem trepidacao)","Estaca (pre-moldada/helice) ou tubulao*")&IF(G12="Sim","; acesso restrito: raiz/Strauss",""),"Levar ao projetista (decisao final)"))) | J12: =IF(H12="","",TRIM(IF(D12<>"",IF(D12<Parametros!$B$6,"NA alto: cautela tubulao a ceu aberto. ",""),"")&IF(H12="PROFUNDA",IF(F12="Sim","Vizinhanca sensivel: evitar cravacao. ",""),"")&IF(H12="ZONA CINZENTA","Decisao do projetista; desempate pelo custo da falha. ","")&IF(E12="alta","Carga alta: dimensionamento pelo projetista. ","")))
H13: =IF(OR(C13="",E13=""),"",IF(AND(C13<=Parametros!$B$4,E13<>"alta"),"RASA",IF(OR(C13>=Parametros!$B$5,E13="alta"),"PROFUNDA","ZONA CINZENTA"))) | I13: =IF(H13="","",IF(H13="RASA","Sapata (isolada/corrida/associada) ou radier",IF(H13="PROFUNDA",IF(F13="Sim","Estaca helice continua/escavada (sem trepidacao)","Estaca (pre-moldada/helice) ou tubulao*")&IF(G13="Sim","; acesso restrito: raiz/Strauss",""),"Levar ao projetista (decisao final)"))) | J13: =IF(H13="","",TRIM(IF(D13<>"",IF(D13<Parametros!$B$6,"NA alto: cautela tubulao a ceu aberto. ",""),"")&IF(H13="PROFUNDA",IF(F13="Sim","Vizinhanca sensivel: evitar cravacao. ",""),"")&IF(H13="ZONA CINZENTA","Decisao do projetista; desempate pelo custo da falha. ","")&IF(E13="alta","Carga alta: dimensionamento pelo projetista. ","")))
H14: =IF(OR(C14="",E14=""),"",IF(AND(C14<=Parametros!$B$4,E14<>"alta"),"RASA",IF(OR(C14>=Parametros!$B$5,E14="alta"),"PROFUNDA","ZONA CINZENTA"))) | I14: =IF(H14="","",IF(H14="RASA","Sapata (isolada/corrida/associada) ou radier",IF(H14="PROFUNDA",IF(F14="Sim","Estaca helice continua/escavada (sem trepidacao)","Estaca (pre-moldada/helice) ou tubulao*")&IF(G14="Sim","; acesso restrito: raiz/Strauss",""),"Levar ao projetista (decisao final)"))) | J14: =IF(H14="","",TRIM(IF(D14<>"",IF(D14<Parametros!$B$6,"NA alto: cautela tubulao a ceu aberto. ",""),"")&IF(H14="PROFUNDA",IF(F14="Sim","Vizinhanca sensivel: evitar cravacao. ",""),"")&IF(H14="ZONA CINZENTA","Decisao do projetista; desempate pelo custo da falha. ","")&IF(E14="alta","Carga alta: dimensionamento pelo projetista. ","")))
... H102: =IF(OR(C102="",E102=""),"",IF(AND(C102<=Parametros!$B$4,E102<>"alta"),"RASA",IF(OR(C102>=Parametros!$B$5,E102="alta"),"PROFUNDA","ZONA CINZENTA"))) | I102: =IF(H102="","",IF(H102="RASA","Sapata (isolada/corrida/associada) ou radier",IF(H102="PROFUNDA",IF(F102="Sim","Estaca helice continua/escavada (sem trepidacao)","Estaca (pre-moldada/helice) ou tubulao*")&IF(G102="Sim","; acesso restrito: raiz/Strauss",""),"Levar ao projetista (decisao final)"))) | J102: =IF(H102="","",TRIM(IF(D102<>"",IF(D102<Parametros!$B$6,"NA alto: cautela tubulao a ceu aberto. ",""),"")&IF(H102="PROFUNDA",IF(F102="Sim","Vizinhanca sensivel: evitar cravacao. ",""),"")&IF(H102="ZONA CINZENTA","Decisao do projetista; desempate pelo custo da falha. ","")&IF(E102="alta","Carga alta: dimensionamento pelo projetista. ","")))

Sheet Comparador
A1: COMPARADOR DE TIPOS — referência rápida (a validar com o projetista)
A2: Tipo | B2: Família | C2: Quando entra na conversa | D2: Cuidado / limite | E2: Ref.
A3: Sapata isolada | B3: Rasa | C3: Carga de pilar sobre camada firme rasa | D3: Recalque se solo mole/heterogêneo | E3: NBR 6122:2019
A4: Sapata corrida | B4: Rasa | C4: Cargas de parede/alinhadas | D4: Idem, exige solo competente raso | E4: NBR 6122:2019
A5: Sapata associada/alavancada | B5: Rasa | C5: Pilares na divisa ou muito próximos | D5: Exige viga de equilíbrio bem dimensionada | E5: NBR 6122:2019
A6: Radier | B6: Rasa | C6: Carga distribuída / solo raso uniforme fraco | D6: Sensível a recalque diferencial; projeto cuidadoso | E6: NBR 6122:2019
A7: Bloco de fundação | B7: Rasa | C7: Cargas menores, concreto simples | D7: Limitado a cargas/solos favoráveis | E7: NBR 6122:2019
A8: Estaca pré-moldada (cravada) | B8: Profunda | C8: Boa quando não há restrição de trepidação | D8: Trepidação/ruído; vizinhança sensível | E8: NBR 6122:2019
A9: Estaca hélice contínua | B9: Profunda | C9: Produtividade, sem bate-estaca | D9: Exige controle de execução/injeção | E9: NBR 6122:2019
A10: Estaca escavada | B10: Profunda | C10: Sem impacto; cargas variadas | D10: Controle de furo; NA pode exigir cuidado | E10: NBR 6122:2019
A11: Estaca Strauss | B11: Profunda | C11: Cargas menores, equipamento simples | D11: Limites de carga/comprimento; NA | E11: NBR 6122:2019
A12: Estaca Franki | B12: Profunda | C12: Boa capacidade de ponta | D12: Trepidação; vizinhança sensível | E12: NBR 6122:2019
A13: Estaca raiz | B13: Profunda | C13: Espaço confinado, reforço, acesso restrito | D13: Custo; execução especializada | E13: NBR 6122:2019
... A16: Tubulão a ar comprimido | B16: Profunda | C16: Cargas altas com NA | D16: Segurança do trabalho sob ar comprimido | E16: NBR 6122:2019 / NR
A18: Referência de triagem — não substitui o projeto de fundações. Revisado e assinado por Gustavo Domingos, CREA-PR 140.964-D.

Sheet Dashboard
A1: DASHBOARD — Triagem de Fundações
A3: Casos analisados | B3: RASA | C3: PROFUNDA | D3: ZONA CINZENTA
A4: =COUNTA(Seletor!B3:B102) | B4: =COUNTIF(Seletor!H3:H102,"RASA") | C4: =COUNTIF(Seletor!H3:H102,"PROFUNDA") | D4: =COUNTIF(Seletor!H3:H102,"ZONA CINZENTA")
A6: Como usar: preencha o Seletor (uma linha por apoio/situação). Família, tipos candidatos e alerta são calculados a partir dos Parametros. TODA escolha é uma triagem — a decisão e o dimensionamento finais são do projetista de fundações (NBR 6122:2019).
A10: Revisado e assinado por Gustavo Domingos — Engenheiro Civil, CREA-PR 140.964-D
