Workbook

Sheet Parametros
A1: PARÂMETROS DE DECISÃO — ajuste e assine antes de usar
A3: Parâmetro | B3: Valor | C3: Observação / fonte
A4: Limiar de atividade (mm) | B4: 0.1 | C4: Crescimento de abertura que caracteriza fissura ATIVA no período. [VALIDAR B9]
A5: Limite de abertura w_k (mm) | B5: 0.3 | C5: Abertura de referência (NBR 6118:2023, Tab. 13.4 — CAA II/III). Ajustar à classe de agressividade. [VALIDAR B1]
A8: Listas de referência (usadas nos menus suspensos de Lançamentos)
A9: Orientacoes | B9: Locais | C9: Origens | D9: SimNao
A10: Vertical | B10: Meio do vao | C10: Flexao | D10: Sim
A11: Horizontal | B11: Apoio da viga | C11: Cisalhamento | D11: Nao
A12: Diagonal 45 | B12: Canto de abertura | C12: Recalque diferencial
A13: Mapeada | B13: Base da parede | C13: Retracao
B14: Topo da parede | C14: Expansao alvenaria
B15: Pilar | C15: Umidade
B16: Laje | C16: Concentracao de tensao (canto)
B17: Muro

Sheet Lancamentos
A1: MONITORAMENTO DE FISSURAS — uma linha por fissura numerada
A2: Nº | B2: Ambiente / Elemento | C2: Orientação | D2: Local no elemento | E2: Abertura inicial (mm) | F2: Data 1ª medição | G2: Abertura atual (mm) | H2: Data última medição | I2: Δ abertura (mm) | J2: Situação | K2: Origem (hipótese) | L2: Umidade? | M2: Risco imediato? | N2: Gravidade | O2: Encaminhamento | P2: Observações
I3: =IF(G3="","",G3-E3) | J3: =IF(G3="","",IF(ABS(I3)>=Parametros!$B$4,"ATIVA","ESTAVEL")) | N3: =IF(G3="","",IF(M3="Sim","ALTA",IF(AND(OR(K3="Cisalhamento",K3="Recalque diferencial"),J3="ATIVA"),"ALTA",IF(OR(J3="ATIVA",G3>Parametros!$B$5),"MEDIA","BAIXA")))) | O3: =IF(N3="","",IF(N3="ALTA","Escorar/interditar e acionar calculista",IF(N3="MEDIA","Tratar a causa + monitorar","Monitorar e registrar")))
I4: =IF(G4="","",G4-E4) | J4: =IF(G4="","",IF(ABS(I4)>=Parametros!$B$4,"ATIVA","ESTAVEL")) | N4: =IF(G4="","",IF(M4="Sim","ALTA",IF(AND(OR(K4="Cisalhamento",K4="Recalque diferencial"),J4="ATIVA"),"ALTA",IF(OR(J4="ATIVA",G4>Parametros!$B$5),"MEDIA","BAIXA")))) | O4: =IF(N4="","",IF(N4="ALTA","Escorar/interditar e acionar calculista",IF(N4="MEDIA","Tratar a causa + monitorar","Monitorar e registrar")))
I5: =IF(G5="","",G5-E5) | J5: =IF(G5="","",IF(ABS(I5)>=Parametros!$B$4,"ATIVA","ESTAVEL")) | N5: =IF(G5="","",IF(M5="Sim","ALTA",IF(AND(OR(K5="Cisalhamento",K5="Recalque diferencial"),J5="ATIVA"),"ALTA",IF(OR(J5="ATIVA",G5>Parametros!$B$5),"MEDIA","BAIXA")))) | O5: =IF(N5="","",IF(N5="ALTA","Escorar/interditar e acionar calculista",IF(N5="MEDIA","Tratar a causa + monitorar","Monitorar e registrar")))
I6: =IF(G6="","",G6-E6) | J6: =IF(G6="","",IF(ABS(I6)>=Parametros!$B$4,"ATIVA","ESTAVEL")) | N6: =IF(G6="","",IF(M6="Sim","ALTA",IF(AND(OR(K6="Cisalhamento",K6="Recalque diferencial"),J6="ATIVA"),"ALTA",IF(OR(J6="ATIVA",G6>Parametros!$B$5),"MEDIA","BAIXA")))) | O6: =IF(N6="","",IF(N6="ALTA","Escorar/interditar e acionar calculista",IF(N6="MEDIA","Tratar a causa + monitorar","Monitorar e registrar")))
I7: =IF(G7="","",G7-E7) | J7: =IF(G7="","",IF(ABS(I7)>=Parametros!$B$4,"ATIVA","ESTAVEL")) | N7: =IF(G7="","",IF(M7="Sim","ALTA",IF(AND(OR(K7="Cisalhamento",K7="Recalque diferencial"),J7="ATIVA"),"ALTA",IF(OR(J7="ATIVA",G7>Parametros!$B$5),"MEDIA","BAIXA")))) | O7: =IF(N7="","",IF(N7="ALTA","Escorar/interditar e acionar calculista",IF(N7="MEDIA","Tratar a causa + monitorar","Monitorar e registrar")))
I8: =IF(G8="","",G8-E8) | J8: =IF(G8="","",IF(ABS(I8)>=Parametros!$B$4,"ATIVA","ESTAVEL")) | N8: =IF(G8="","",IF(M8="Sim","ALTA",IF(AND(OR(K8="Cisalhamento",K8="Recalque diferencial"),J8="ATIVA"),"ALTA",IF(OR(J8="ATIVA",G8>Parametros!$B$5),"MEDIA","BAIXA")))) | O8: =IF(N8="","",IF(N8="ALTA","Escorar/interditar e acionar calculista",IF(N8="MEDIA","Tratar a causa + monitorar","Monitorar e registrar")))
I9: =IF(G9="","",G9-E9) | J9: =IF(G9="","",IF(ABS(I9)>=Parametros!$B$4,"ATIVA","ESTAVEL")) | N9: =IF(G9="","",IF(M9="Sim","ALTA",IF(AND(OR(K9="Cisalhamento",K9="Recalque diferencial"),J9="ATIVA"),"ALTA",IF(OR(J9="ATIVA",G9>Parametros!$B$5),"MEDIA","BAIXA")))) | O9: =IF(N9="","",IF(N9="ALTA","Escorar/interditar e acionar calculista",IF(N9="MEDIA","Tratar a causa + monitorar","Monitorar e registrar")))
I10: =IF(G10="","",G10-E10) | J10: =IF(G10="","",IF(ABS(I10)>=Parametros!$B$4,"ATIVA","ESTAVEL")) | N10: =IF(G10="","",IF(M10="Sim","ALTA",IF(AND(OR(K10="Cisalhamento",K10="Recalque diferencial"),J10="ATIVA"),"ALTA",IF(OR(J10="ATIVA",G10>Parametros!$B$5),"MEDIA","BAIXA")))) | O10: =IF(N10="","",IF(N10="ALTA","Escorar/interditar e acionar calculista",IF(N10="MEDIA","Tratar a causa + monitorar","Monitorar e registrar")))
I11: =IF(G11="","",G11-E11) | J11: =IF(G11="","",IF(ABS(I11)>=Parametros!$B$4,"ATIVA","ESTAVEL")) | N11: =IF(G11="","",IF(M11="Sim","ALTA",IF(AND(OR(K11="Cisalhamento",K11="Recalque diferencial"),J11="ATIVA"),"ALTA",IF(OR(J11="ATIVA",G11>Parametros!$B$5),"MEDIA","BAIXA")))) | O11: =IF(N11="","",IF(N11="ALTA","Escorar/interditar e acionar calculista",IF(N11="MEDIA","Tratar a causa + monitorar","Monitorar e registrar")))
I12: =IF(G12="","",G12-E12) | J12: =IF(G12="","",IF(ABS(I12)>=Parametros!$B$4,"ATIVA","ESTAVEL")) | N12: =IF(G12="","",IF(M12="Sim","ALTA",IF(AND(OR(K12="Cisalhamento",K12="Recalque diferencial"),J12="ATIVA"),"ALTA",IF(OR(J12="ATIVA",G12>Parametros!$B$5),"MEDIA","BAIXA")))) | O12: =IF(N12="","",IF(N12="ALTA","Escorar/interditar e acionar calculista",IF(N12="MEDIA","Tratar a causa + monitorar","Monitorar e registrar")))
I13: =IF(G13="","",G13-E13) | J13: =IF(G13="","",IF(ABS(I13)>=Parametros!$B$4,"ATIVA","ESTAVEL")) | N13: =IF(G13="","",IF(M13="Sim","ALTA",IF(AND(OR(K13="Cisalhamento",K13="Recalque diferencial"),J13="ATIVA"),"ALTA",IF(OR(J13="ATIVA",G13>Parametros!$B$5),"MEDIA","BAIXA")))) | O13: =IF(N13="","",IF(N13="ALTA","Escorar/interditar e acionar calculista",IF(N13="MEDIA","Tratar a causa + monitorar","Monitorar e registrar")))
I14: =IF(G14="","",G14-E14) | J14: =IF(G14="","",IF(ABS(I14)>=Parametros!$B$4,"ATIVA","ESTAVEL")) | N14: =IF(G14="","",IF(M14="Sim","ALTA",IF(AND(OR(K14="Cisalhamento",K14="Recalque diferencial"),J14="ATIVA"),"ALTA",IF(OR(J14="ATIVA",G14>Parametros!$B$5),"MEDIA","BAIXA")))) | O14: =IF(N14="","",IF(N14="ALTA","Escorar/interditar e acionar calculista",IF(N14="MEDIA","Tratar a causa + monitorar","Monitorar e registrar")))
... I202: =IF(G202="","",G202-E202) | J202: =IF(G202="","",IF(ABS(I202)>=Parametros!$B$4,"ATIVA","ESTAVEL")) | N202: =IF(G202="","",IF(M202="Sim","ALTA",IF(AND(OR(K202="Cisalhamento",K202="Recalque diferencial"),J202="ATIVA"),"ALTA",IF(OR(J202="ATIVA",G202>Parametros!$B$5),"MEDIA","BAIXA")))) | O202: =IF(N202="","",IF(N202="ALTA","Escorar/interditar e acionar calculista",IF(N202="MEDIA","Tratar a causa + monitorar","Monitorar e registrar")))

Sheet Dashboard
A1: DASHBOARD — Painel de Monitoramento de Fissuras
A3: Total de fissuras | B3: Ativas | C3: Estáveis
A4: =COUNT(Lancamentos!A3:A202) | B4: =COUNTIF(Lancamentos!J3:J202,"ATIVA") | C4: =COUNTIF(Lancamentos!J3:J202,"ESTAVEL")
A7: Gravidade | B7: Quantidade
A8: ALTA | B8: =COUNTIF(Lancamentos!N3:N202,"ALTA")
A9: MEDIA | B9: =COUNTIF(Lancamentos!N3:N202,"MEDIA")
A10: BAIXA | B10: =COUNTIF(Lancamentos!N3:N202,"BAIXA")
A12: Alerta | B12: =IF(B8>0,"HA FISSURAS DE GRAVIDADE ALTA - priorize o fluxograma de emergencia e comunique por escrito",IF(B9>0,"Atencao: fissuras de gravidade media em monitoramento","Sem gravidade alta/media no momento"))
A15: Como usar: preencha a aba Lancamentos (uma linha por fissura). Situacao, Gravidade e Encaminhamento sao calculados automaticamente a partir dos Parametros. Ajuste os limiares na aba Parametros e assine.
A18: Revisado e assinado por Gustavo Domingos — Engenheiro Civil, CREA-PR 140.964-D
