Workbook

Sheet Parametros
A1: PARÂMETROS DO CONTROLE — ajuste conforme o pedido e assine
A3: Parâmetro | B3: Valor | C3: Observação / fonte
A4: Slump pedido (mm) | B4: 100 | C4: Conforme pedido/projeto. Confira na nota fiscal.
A5: Tolerância de slump (± mm) | B5: 20 | C5: Faixa da NBR 7212:2021 conforme o slump pedido. [VALIDAR F4]
A6: Tempo-limite descarga (min) | B6: 150 | C6: Da adição da água ao fim da descarga (NBR 7212:2021; aditivos podem alterar). [VALIDAR F2]
A7: fck de projeto (MPa) | B7: 30 | C7: Conforme projeto estrutural (classe NBR 8953).
A9: ⚠ A aceitação definitiva do concreto segue os critérios estatísticos da NBR 12655:2022 — a coluna 'situação' da aba CPs é uma triagem de alerta, não o critério final. [VALIDAR F7]

Sheet Recebimento
A1: RECEBIMENTO — uma linha por caminhão (aceitação provisória, NBR 12655:2022/7212/16889)
A2: Data | B2: NF nº | C2: Hora água (central) | D2: Fim descarga | E2: Tempo decorrido (min) | F2: Slump medido (mm) | G2: Nota confere? | H2: Aspecto normal? | I2: Água adicionada? | J2: Veredito | K2: CPs moldados (ids) | L2: Observações
E3: =IF(OR(C3="",D3=""),"",ROUND((D3-C3)*1440,0)) | J3: =IF(F3="","",IF(OR(G3="Nao",H3="Nao",I3="Sim"),"RECUSAR/REGISTRAR",IF(AND(E3<>"",E3>Parametros!$B$6),"RECUSAR - tempo",IF(ABS(F3-Parametros!$B$4)<=Parametros!$B$5,"LIBERADO",IF(F3<Parametros!$B$4,"CORRIGIR VIA CENTRAL","RECUSAR - fluido")))))
E4: =IF(OR(C4="",D4=""),"",ROUND((D4-C4)*1440,0)) | J4: =IF(F4="","",IF(OR(G4="Nao",H4="Nao",I4="Sim"),"RECUSAR/REGISTRAR",IF(AND(E4<>"",E4>Parametros!$B$6),"RECUSAR - tempo",IF(ABS(F4-Parametros!$B$4)<=Parametros!$B$5,"LIBERADO",IF(F4<Parametros!$B$4,"CORRIGIR VIA CENTRAL","RECUSAR - fluido")))))
E5: =IF(OR(C5="",D5=""),"",ROUND((D5-C5)*1440,0)) | J5: =IF(F5="","",IF(OR(G5="Nao",H5="Nao",I5="Sim"),"RECUSAR/REGISTRAR",IF(AND(E5<>"",E5>Parametros!$B$6),"RECUSAR - tempo",IF(ABS(F5-Parametros!$B$4)<=Parametros!$B$5,"LIBERADO",IF(F5<Parametros!$B$4,"CORRIGIR VIA CENTRAL","RECUSAR - fluido")))))
E6: =IF(OR(C6="",D6=""),"",ROUND((D6-C6)*1440,0)) | J6: =IF(F6="","",IF(OR(G6="Nao",H6="Nao",I6="Sim"),"RECUSAR/REGISTRAR",IF(AND(E6<>"",E6>Parametros!$B$6),"RECUSAR - tempo",IF(ABS(F6-Parametros!$B$4)<=Parametros!$B$5,"LIBERADO",IF(F6<Parametros!$B$4,"CORRIGIR VIA CENTRAL","RECUSAR - fluido")))))
E7: =IF(OR(C7="",D7=""),"",ROUND((D7-C7)*1440,0)) | J7: =IF(F7="","",IF(OR(G7="Nao",H7="Nao",I7="Sim"),"RECUSAR/REGISTRAR",IF(AND(E7<>"",E7>Parametros!$B$6),"RECUSAR - tempo",IF(ABS(F7-Parametros!$B$4)<=Parametros!$B$5,"LIBERADO",IF(F7<Parametros!$B$4,"CORRIGIR VIA CENTRAL","RECUSAR - fluido")))))
E8: =IF(OR(C8="",D8=""),"",ROUND((D8-C8)*1440,0)) | J8: =IF(F8="","",IF(OR(G8="Nao",H8="Nao",I8="Sim"),"RECUSAR/REGISTRAR",IF(AND(E8<>"",E8>Parametros!$B$6),"RECUSAR - tempo",IF(ABS(F8-Parametros!$B$4)<=Parametros!$B$5,"LIBERADO",IF(F8<Parametros!$B$4,"CORRIGIR VIA CENTRAL","RECUSAR - fluido")))))
E9: =IF(OR(C9="",D9=""),"",ROUND((D9-C9)*1440,0)) | J9: =IF(F9="","",IF(OR(G9="Nao",H9="Nao",I9="Sim"),"RECUSAR/REGISTRAR",IF(AND(E9<>"",E9>Parametros!$B$6),"RECUSAR - tempo",IF(ABS(F9-Parametros!$B$4)<=Parametros!$B$5,"LIBERADO",IF(F9<Parametros!$B$4,"CORRIGIR VIA CENTRAL","RECUSAR - fluido")))))
E10: =IF(OR(C10="",D10=""),"",ROUND((D10-C10)*1440,0)) | J10: =IF(F10="","",IF(OR(G10="Nao",H10="Nao",I10="Sim"),"RECUSAR/REGISTRAR",IF(AND(E10<>"",E10>Parametros!$B$6),"RECUSAR - tempo",IF(ABS(F10-Parametros!$B$4)<=Parametros!$B$5,"LIBERADO",IF(F10<Parametros!$B$4,"CORRIGIR VIA CENTRAL","RECUSAR - fluido")))))
E11: =IF(OR(C11="",D11=""),"",ROUND((D11-C11)*1440,0)) | J11: =IF(F11="","",IF(OR(G11="Nao",H11="Nao",I11="Sim"),"RECUSAR/REGISTRAR",IF(AND(E11<>"",E11>Parametros!$B$6),"RECUSAR - tempo",IF(ABS(F11-Parametros!$B$4)<=Parametros!$B$5,"LIBERADO",IF(F11<Parametros!$B$4,"CORRIGIR VIA CENTRAL","RECUSAR - fluido")))))
E12: =IF(OR(C12="",D12=""),"",ROUND((D12-C12)*1440,0)) | J12: =IF(F12="","",IF(OR(G12="Nao",H12="Nao",I12="Sim"),"RECUSAR/REGISTRAR",IF(AND(E12<>"",E12>Parametros!$B$6),"RECUSAR - tempo",IF(ABS(F12-Parametros!$B$4)<=Parametros!$B$5,"LIBERADO",IF(F12<Parametros!$B$4,"CORRIGIR VIA CENTRAL","RECUSAR - fluido")))))
E13: =IF(OR(C13="",D13=""),"",ROUND((D13-C13)*1440,0)) | J13: =IF(F13="","",IF(OR(G13="Nao",H13="Nao",I13="Sim"),"RECUSAR/REGISTRAR",IF(AND(E13<>"",E13>Parametros!$B$6),"RECUSAR - tempo",IF(ABS(F13-Parametros!$B$4)<=Parametros!$B$5,"LIBERADO",IF(F13<Parametros!$B$4,"CORRIGIR VIA CENTRAL","RECUSAR - fluido")))))
E14: =IF(OR(C14="",D14=""),"",ROUND((D14-C14)*1440,0)) | J14: =IF(F14="","",IF(OR(G14="Nao",H14="Nao",I14="Sim"),"RECUSAR/REGISTRAR",IF(AND(E14<>"",E14>Parametros!$B$6),"RECUSAR - tempo",IF(ABS(F14-Parametros!$B$4)<=Parametros!$B$5,"LIBERADO",IF(F14<Parametros!$B$4,"CORRIGIR VIA CENTRAL","RECUSAR - fluido")))))
... E102: =IF(OR(C102="",D102=""),"",ROUND((D102-C102)*1440,0)) | J102: =IF(F102="","",IF(OR(G102="Nao",H102="Nao",I102="Sim"),"RECUSAR/REGISTRAR",IF(AND(E102<>"",E102>Parametros!$B$6),"RECUSAR - tempo",IF(ABS(F102-Parametros!$B$4)<=Parametros!$B$5,"LIBERADO",IF(F102<Parametros!$B$4,"CORRIGIR VIA CENTRAL","RECUSAR - fluido")))))

Sheet CPs
A1: CORPOS DE PROVA — moldagem NBR 5738:2015 · ensaio NBR 5739:2018 · aceitação NBR 12655:2022
A2: CP id | B2: NF / caminhão | C2: Data moldagem | D2: Peça concretada | E2: Idade (dias) | F2: Resultado (MPa) | G2: Situação (triagem) | H2: Observações
G3: =IF(F3="","",IF(F3>=Parametros!$B$7,"OK (>= fck)","ALERTA: abaixo do fck - aplicar criterios NBR 12655:2022 / acionar RT"))
G4: =IF(F4="","",IF(F4>=Parametros!$B$7,"OK (>= fck)","ALERTA: abaixo do fck - aplicar criterios NBR 12655:2022 / acionar RT"))
G5: =IF(F5="","",IF(F5>=Parametros!$B$7,"OK (>= fck)","ALERTA: abaixo do fck - aplicar criterios NBR 12655:2022 / acionar RT"))
G6: =IF(F6="","",IF(F6>=Parametros!$B$7,"OK (>= fck)","ALERTA: abaixo do fck - aplicar criterios NBR 12655:2022 / acionar RT"))
G7: =IF(F7="","",IF(F7>=Parametros!$B$7,"OK (>= fck)","ALERTA: abaixo do fck - aplicar criterios NBR 12655:2022 / acionar RT"))
G8: =IF(F8="","",IF(F8>=Parametros!$B$7,"OK (>= fck)","ALERTA: abaixo do fck - aplicar criterios NBR 12655:2022 / acionar RT"))
G9: =IF(F9="","",IF(F9>=Parametros!$B$7,"OK (>= fck)","ALERTA: abaixo do fck - aplicar criterios NBR 12655:2022 / acionar RT"))
G10: =IF(F10="","",IF(F10>=Parametros!$B$7,"OK (>= fck)","ALERTA: abaixo do fck - aplicar criterios NBR 12655:2022 / acionar RT"))
G11: =IF(F11="","",IF(F11>=Parametros!$B$7,"OK (>= fck)","ALERTA: abaixo do fck - aplicar criterios NBR 12655:2022 / acionar RT"))
G12: =IF(F12="","",IF(F12>=Parametros!$B$7,"OK (>= fck)","ALERTA: abaixo do fck - aplicar criterios NBR 12655:2022 / acionar RT"))
G13: =IF(F13="","",IF(F13>=Parametros!$B$7,"OK (>= fck)","ALERTA: abaixo do fck - aplicar criterios NBR 12655:2022 / acionar RT"))
G14: =IF(F14="","",IF(F14>=Parametros!$B$7,"OK (>= fck)","ALERTA: abaixo do fck - aplicar criterios NBR 12655:2022 / acionar RT"))
... G102: =IF(F102="","",IF(F102>=Parametros!$B$7,"OK (>= fck)","ALERTA: abaixo do fck - aplicar criterios NBR 12655:2022 / acionar RT"))

Sheet Dashboard
A1: DASHBOARD — Controle do Concreto
A3: Caminhões | B3: Liberados | C3: Corrigidos | D3: Recusados
A4: =COUNTA(Recebimento!B3:B102) | B4: =COUNTIF(Recebimento!J3:J102,"LIBERADO") | C4: =COUNTIF(Recebimento!J3:J102,"CORRIGIR VIA CENTRAL") | D4: =COUNTIF(Recebimento!J3:J102,"RECUSAR*")
A6: CPs registrados | B6: CPs OK | C6: CPs em alerta
A7: =COUNTA(CPs!A3:A102) | B7: =COUNTIF(CPs!G3:G102,"OK*") | C7: =COUNTIF(CPs!G3:G102,"ALERTA*")
A9: Como usar: uma linha por caminhão no Recebimento (veredito automático a partir dos Parametros); uma linha por CP na aba CPs. A "situação" dos CPs é triagem de alerta — a aceitação definitiva segue os critérios estatísticos da NBR 12655:2022, aplicados pelo responsável técnico.
A13: Revisado e assinado por Gustavo Domingos — Engenheiro Civil, CREA-PR 140.964-D
