Workbook

Sheet Inspecao
A1: INSPEÇÃO DE SERVIÇOS CRÍTICOS — uma linha por item verificado (NBR 14931 · 6118 · 15696 · 8545)
A2: Data | B2: Serviço | C2: Elemento / Local | D2: Item verificado | E2: Resultado | F2: Prazo correção | G2: Reconferido? | H2: Situação | I2: Observações / foto
H3: =IF(E3="","",IF(E3="Conforme","OK",IF(G3="Sim","RESOLVIDA",IF(E3="NC critica","NC CRITICA ABERTA","PENDENTE"))))
H4: =IF(E4="","",IF(E4="Conforme","OK",IF(G4="Sim","RESOLVIDA",IF(E4="NC critica","NC CRITICA ABERTA","PENDENTE"))))
H5: =IF(E5="","",IF(E5="Conforme","OK",IF(G5="Sim","RESOLVIDA",IF(E5="NC critica","NC CRITICA ABERTA","PENDENTE"))))
H6: =IF(E6="","",IF(E6="Conforme","OK",IF(G6="Sim","RESOLVIDA",IF(E6="NC critica","NC CRITICA ABERTA","PENDENTE"))))
H7: =IF(E7="","",IF(E7="Conforme","OK",IF(G7="Sim","RESOLVIDA",IF(E7="NC critica","NC CRITICA ABERTA","PENDENTE"))))
H8: =IF(E8="","",IF(E8="Conforme","OK",IF(G8="Sim","RESOLVIDA",IF(E8="NC critica","NC CRITICA ABERTA","PENDENTE"))))
H9: =IF(E9="","",IF(E9="Conforme","OK",IF(G9="Sim","RESOLVIDA",IF(E9="NC critica","NC CRITICA ABERTA","PENDENTE"))))
H10: =IF(E10="","",IF(E10="Conforme","OK",IF(G10="Sim","RESOLVIDA",IF(E10="NC critica","NC CRITICA ABERTA","PENDENTE"))))
H11: =IF(E11="","",IF(E11="Conforme","OK",IF(G11="Sim","RESOLVIDA",IF(E11="NC critica","NC CRITICA ABERTA","PENDENTE"))))
H12: =IF(E12="","",IF(E12="Conforme","OK",IF(G12="Sim","RESOLVIDA",IF(E12="NC critica","NC CRITICA ABERTA","PENDENTE"))))
H13: =IF(E13="","",IF(E13="Conforme","OK",IF(G13="Sim","RESOLVIDA",IF(E13="NC critica","NC CRITICA ABERTA","PENDENTE"))))
H14: =IF(E14="","",IF(E14="Conforme","OK",IF(G14="Sim","RESOLVIDA",IF(E14="NC critica","NC CRITICA ABERTA","PENDENTE"))))
... H202: =IF(E202="","",IF(E202="Conforme","OK",IF(G202="Sim","RESOLVIDA",IF(E202="NC critica","NC CRITICA ABERTA","PENDENTE"))))

Sheet Dashboard
A1: DASHBOARD — Veredito da liberação
A3: Itens verificados | B3: OK | C3: Pendentes | D3: NC críticas abertas | E3: Resolvidas
A4: =COUNTA(Inspecao!D3:D202) | B4: =COUNTIF(Inspecao!H3:H202,"OK") | C4: =COUNTIF(Inspecao!H3:H202,"PENDENTE") | D4: =COUNTIF(Inspecao!H3:H202,"NC CRITICA ABERTA") | E4: =COUNTIF(Inspecao!H3:H202,"RESOLVIDA")
A6: VEREDITO | B6: =IF(D4>0,"TRAVADO - corrigir NC criticas e reinspecionar",IF(C4>0,"LIBERADO COM PENDENCIAS - prazo + reconferencia obrigatorios",IF(B4+E4>0,"LIBERADO - preencher o Termo e reconferir no dia","")))
A8: Como usar: uma linha por item verificado (serviço, elemento, item, resultado). Pendência/NC corrigida e reconferida vira RESOLVIDA. O veredito global exige zero NC crítica aberta. Este controle apoia o Termo de Liberação — não substitui o projeto nem o responsável técnico.
A12: Revisado e assinado por Gustavo Domingos — Engenheiro Civil, CREA-PR 140.964-D
